player_name,player_code,image_url,profile_url
alberto-abalde,003733,https://media-cdn.cortextech.io/72807eac-571d-4e7b-ac26-93986d5d0e80.png,https://www.euroleaguebasketball.net/es/euroleague/players/alberto-abalde/003733/
awudu-abass,003527,https://media-cdn.cortextech.io/433a611c-9dd9-46d0-8891-5655af2e1e37.png,https://www.euroleaguebasketball.net/es/euroleague/players/awudu-abass/003527/
matteo-accorsi,013027,https://media-cdn.cortextech.io/6a4a2f95-b2ae-43c6-ad14-c5230acdea84.png,https://www.euroleaguebasketball.net/es/euroleague/players/matteo-accorsi/013027/
melvin-ajinca,010316,https://media-cdn.cortextech.io/95228ab6-9d8d-4d35-a796-1734d65e28fb.png,https://www.euroleaguebasketball.net/es/euroleague/players/melvin-ajinca/010316/
nicola-akele,011816,https://media-cdn.cortextech.io/917bb62a-9e27-4933-b04c-6da52dc877ee.png,https://www.euroleaguebasketball.net/es/euroleague/players/nicola-akele/011816/
izan-almansa,010105,https://media-cdn.cortextech.io/94899581-0587-4377-bc88-feee33359afc.png,https://www.euroleaguebasketball.net/es/euroleague/players/izan-almansa/010105/
derrick-alston-jr--,014005,,https://www.euroleaguebasketball.net/es/euroleague/players/derrick-alston-jr--/014005/
egor-amosov,014118,https://media-cdn.cortextech.io/501b0a80-3589-4616-9fd2-1296321059de.png,https://www.euroleaguebasketball.net/es/euroleague/players/egor-amosov/014118/
justin-anderson,012795,https://media-cdn.cortextech.io/fe45bbed-041c-4077-a770-db8d3c0946f0.png,https://www.euroleaguebasketball.net/es/euroleague/players/justin-anderson/012795/
braian-angola,010465,https://media-cdn.cortextech.io/1dU3kpCqReRp93/1BSdBWIjCaiEI5/8a77bddd-1d92-4ec1-b784-9b71ba9cea1a.png,https://www.euroleaguebasketball.net/es/euroleague/players/braian-angola/010465/
adam-atamna,012268,https://media-cdn.cortextech.io/c2ae0573-091b-4682-8a19-806b6fdc655f.png,https://www.euroleaguebasketball.net/es/euroleague/players/adam-atamna/012268/
aleksa-avramovic,003983,https://media-cdn.cortextech.io/261a3a73-c380-4f6e-82bb-643fff9c7494.png,https://www.euroleaguebasketball.net/es/euroleague/players/aleksa-avramovic/003983/
joel-ayayi,006904,https://media-cdn.cortextech.io/3db448b6-8ede-4921-9522-2a01b163c996.png,https://www.euroleaguebasketball.net/es/euroleague/players/joel-ayayi/006904/
dwayne-bacon,011286,https://media-cdn.cortextech.io/820ff618-bd11-4b19-be2a-41f9c427c44f.png,https://www.euroleaguebasketball.net/es/euroleague/players/dwayne-bacon/011286/
armando-bacot-jr-,014015,,https://www.euroleaguebasketball.net/es/euroleague/players/armando-bacot-jr-/014015/
brancou-badio,007527,https://media-cdn.cortextech.io/24556d2c-01db-4a9c-a2d0-e2607a4fae52.png,https://www.euroleaguebasketball.net/es/euroleague/players/brancou-badio/007527/
matteo-baiocchi,013028,,https://www.euroleaguebasketball.net/es/euroleague/players/matteo-baiocchi/013028/
wade-baldwin-iv,009863,https://media-cdn.cortextech.io/4421c271-22aa-431d-abd7-99b29a85aea6.png,https://www.euroleaguebasketball.net/es/euroleague/players/wade-baldwin-iv/009863/
kamar-baldwin,012597,https://media-cdn.cortextech.io/acf4fd65-d077-415d-84fb-67005cb43e49.png,https://www.euroleaguebasketball.net/es/euroleague/players/kamar-baldwin/012597/
rodrigue-beaubois,006590,https://media-cdn.cortextech.io/281e3d42-9999-46b7-bbe4-4b03c18af2c5.png,https://www.euroleaguebasketball.net/es/euroleague/players/rodrigue-beaubois/006590/
juhann-begarin,008161,https://media-cdn.cortextech.io/ef563cdb-4d77-4f8b-b343-7d1c0e0b19e2.png,https://www.euroleaguebasketball.net/es/euroleague/players/juhann-begarin/008161/
davis-bertans,003458,https://media-cdn.cortextech.io/7210d5c7-adf0-4fb2-a475-1b92cab15443.png,https://www.euroleaguebasketball.net/es/euroleague/players/davis-bertans/003458/
tarik-biberovic,006961,https://media-cdn.cortextech.io/f62a393b-7a2e-4ba8-a90f-8f7b1d56570c.png,https://www.euroleaguebasketball.net/es/euroleague/players/tarik-biberovic/006961/
khem-birch,007182,https://media-cdn.cortextech.io/07341c6e-b835-4434-bf94-87314dea546b.png,https://www.euroleaguebasketball.net/es/euroleague/players/khem-birch/007182/
metecan-birsen,003091,https://media-cdn.cortextech.io/b901a276-9bce-4d94-9dba-3ed59eb7e670.png,https://www.euroleaguebasketball.net/es/euroleague/players/metecan-birsen/003091/
laurynas-birutis,005504,https://media-cdn.cortextech.io/ec9e23f4-7618-42d7-9ccd-05bb89fe2e4b.png,https://www.euroleaguebasketball.net/es/euroleague/players/laurynas-birutis/005504/
onuralp-bitim,007929,https://media-cdn.cortextech.io/e53d7478-8e6d-4ea5-bdef-d47b61d98e5e.png,https://www.euroleaguebasketball.net/es/euroleague/players/onuralp-bitim/007929/
antonio-blakeney,013402,https://media-cdn.cortextech.io/ea09b983-45e0-4140-a486-085bfe2cc4f6.png,https://www.euroleaguebasketball.net/es/euroleague/players/antonio-blakeney/013402/
alex-blanco,013526,https://media-cdn.cortextech.io/ef90feab-3b15-4909-bfd6-5c630c058356.png,https://www.euroleaguebasketball.net/es/euroleague/players/alex-blanco/013526/
tamir-blatt,011193,https://media-cdn.cortextech.io/780f9309-2c9f-4a43-be7f-9f7a7182d133.png,https://www.euroleaguebasketball.net/es/euroleague/players/tamir-blatt/011193/
jaron-blossomgame,011231,https://media-cdn.cortextech.io/47740cf2-cdbf-4529-9cbe-3954f423f542.png,https://www.euroleaguebasketball.net/es/euroleague/players/jaron-blossomgame/011231/
juom-maker-bol,014105,https://media-cdn.cortextech.io/af4a17cb-5725-42bd-8659-fd45255482db.png,https://www.euroleaguebasketball.net/es/euroleague/players/juom-maker-bol/014105/
leandro-bolmaro,008985,https://media-cdn.cortextech.io/1e179ffd-b315-4f4a-90ed-aeb356efa432.png,https://www.euroleaguebasketball.net/es/euroleague/players/leandro-bolmaro/008985/
joel-bolomboy,009035,https://media-cdn.cortextech.io/1dU3kpCqReRp93/1BSdBWIjCbqcoI/bb62f12b-8d35-4487-a402-e86621caa387.png,https://www.euroleaguebasketball.net/es/euroleague/players/joel-bolomboy/009035/
isaac-bonga,006760,https://media-cdn.cortextech.io/a838b518-6e96-4482-b67f-90f52f979588.png,https://www.euroleaguebasketball.net/es/euroleague/players/isaac-bonga/006760/
devin-booker,007056,https://media-cdn.cortextech.io/ea98130c-13f1-4e0b-b8d9-353132cd5816.png,https://www.euroleaguebasketball.net/es/euroleague/players/devin-booker/007056/
mitar-bosnjakovic,012167,https://media-cdn.cortextech.io/8735ac59-4000-4c04-9d53-632356eab964.png,https://www.euroleaguebasketball.net/es/euroleague/players/mitar-bosnjakovic/012167/
brandon-boston-jr-,014016,,https://www.euroleaguebasketball.net/es/euroleague/players/brandon-boston-jr-/014016/
joaquim-boumtje-boumtje,014130,https://media-cdn.cortextech.io/7c98507a-45bb-4e84-a9fb-590b84ed5a37.png,https://www.euroleaguebasketball.net/es/euroleague/players/joaquim-boumtje-boumtje/014130/
ignas-brazdeikis,011983,https://media-cdn.cortextech.io/32aea757-dc80-4848-82f4-525b77e0eb0d.png,https://www.euroleaguebasketball.net/es/euroleague/players/ignas-brazdeikis/011983/
o-shae-j-brissett,014127,,https://www.euroleaguebasketball.net/es/euroleague/players/o-shae-j-brissett/014127/
dario-brizuela,009992,https://media-cdn.cortextech.io/eaddc1f6-0aec-49e2-8c65-e0a3b8b2cfe3.png,https://www.euroleaguebasketball.net/es/euroleague/players/dario-brizuela/009992/
armoni-brooks,013384,https://media-cdn.cortextech.io/8c4d5e17-01aa-4f77-99b1-207d7c82d195.png,https://www.euroleaguebasketball.net/es/euroleague/players/armoni-brooks/013384/
lorenzo-brown,009622,https://media-cdn.cortextech.io/8c072cdd-59ae-4c44-8388-6a1903cd239e.png,https://www.euroleaguebasketball.net/es/euroleague/players/lorenzo-brown/009622/
sterling-brown,012720,https://media-cdn.cortextech.io/7e089e46-481e-44e5-9fa0-192215101609.png,https://www.euroleaguebasketball.net/es/euroleague/players/sterling-brown/012720/
elijah-bryant,009846,https://media-cdn.cortextech.io/c344f0a6-f545-4bfe-b59b-61f8ccce3c0e.png,https://www.euroleaguebasketball.net/es/euroleague/players/elijah-bryant/009846/
arnas-butkevicius,002676,https://media-cdn.cortextech.io/141e5608-9388-4c11-96ed-fbe12fa4a1bf.png,https://www.euroleaguebasketball.net/es/euroleague/players/arnas-butkevicius/002676/
jared-butler,014163,https://media-cdn.cortextech.io/926f8dbb-c1ff-46cc-a86e-3a68f78a11f9.png,https://www.euroleaguebasketball.net/es/euroleague/players/jared-butler/014163/
bruno-caboclo,012096,https://media-cdn.cortextech.io/1dU3kpCqReRp93/1BSdBWIjCbqcg0/8fa532db-fe10-413f-98d1-627e7df8d7e9.png,https://www.euroleaguebasketball.net/es/euroleague/players/bruno-caboclo/012096/
nick-calathes,001932,https://media-cdn.cortextech.io/485a2561-f9f3-4ba8-b5b8-1631294c4c99.png,https://www.euroleaguebasketball.net/es/euroleague/players/nick-calathes/001932/
myles-cale,013269,https://media-cdn.cortextech.io/6e507052-0ca4-4ca4-8148-256d2ebd97fc.png,https://www.euroleaguebasketball.net/es/euroleague/players/myles-cale/013269/
facundo-campazzo,005928,https://media-cdn.cortextech.io/c5274543-662b-4958-b6fa-3bf42b944255.png,https://www.euroleaguebasketball.net/es/euroleague/players/facundo-campazzo/005928/
isaiah-canaan,010612,https://media-cdn.cortextech.io/b6e0f4a8-c734-42b7-86d4-333594b9020b.png,https://www.euroleaguebasketball.net/es/euroleague/players/isaiah-canaan/010612/
jorge-carot,011369,https://media-cdn.cortextech.io/dca5f0a2-639c-44ef-9309-d416c633d274.png,https://www.euroleaguebasketball.net/es/euroleague/players/jorge-carot/011369/
tyson-carter,011305,https://media-cdn.cortextech.io/5fc0955e-a1d4-4815-9570-ec96ab919f97.png,https://www.euroleaguebasketball.net/es/euroleague/players/tyson-carter/011305/
leopold-cavaliere,013373,https://media-cdn.cortextech.io/1c8b9667-d931-4ace-ac5e-792f58d25cf4.png,https://www.euroleaguebasketball.net/es/euroleague/players/leopold-cavaliere/013373/
mattia-ceccato,012925,,https://www.euroleaguebasketball.net/es/euroleague/players/mattia-ceccato/012925/
jimmy-clark-iii,013699,https://media-cdn.cortextech.io/fc0e527c-4d5c-479e-a067-3701084cf554.png,https://www.euroleaguebasketball.net/es/euroleague/players/jimmy-clark-iii/013699/
will-clyburn,004888,https://media-cdn.cortextech.io/26d7203d-d138-432c-8d49-16af75d6895e.png,https://www.euroleaguebasketball.net/es/euroleague/players/will-clyburn/004888/
bonzie-colson,009783,https://media-cdn.cortextech.io/3fa1da27-0721-4274-9d43-26910bec0f2d.png,https://www.euroleaguebasketball.net/es/euroleague/players/bonzie-colson/009783/
isaia-cordinier,009549,https://media-cdn.cortextech.io/b9885dd5-53ca-4f41-96f7-4b7f1c8c4d5a.png,https://www.euroleaguebasketball.net/es/euroleague/players/isaia-cordinier/009549/
matthew-costello,010444,https://media-cdn.cortextech.io/daa41d29-1915-4021-b276-aff41df0b04b.png,https://www.euroleaguebasketball.net/es/euroleague/players/matthew-costello/010444/
oscar-da-silva,011244,https://media-cdn.cortextech.io/1cd31b45-1360-4dc2-a279-504d2a1c44e8.png,https://www.euroleaguebasketball.net/es/euroleague/players/oscar-da-silva/011244/
mohamed-dabone,013155,https://media-cdn.cortextech.io/c6831719-f974-4475-9d15-459553594b0e.png,https://www.euroleaguebasketball.net/es/euroleague/players/mohamed-dabone/013155/
nemanja-dangubic,005942,https://media-cdn.cortextech.io/d79a6b0a-c9e6-45d7-b907-849e1ae9202f.png,https://www.euroleaguebasketball.net/es/euroleague/players/nemanja-dangubic/005942/
uros-danilovic,012453,,https://www.euroleaguebasketball.net/es/euroleague/players/uros-danilovic/012453/
dominykas-daubaris,012185,https://media-cdn.cortextech.io/4b1cd7c8-4f09-413e-b9aa-39601dbc0f86.png,https://www.euroleaguebasketball.net/es/euroleague/players/dominykas-daubaris/012185/
dejan-davidovac,007960,https://media-cdn.cortextech.io/1f3790c6-a754-4e43-b322-9c50695d71d5.png,https://www.euroleaguebasketball.net/es/euroleague/players/dejan-davidovac/007960/
nando-de-colo,002100,https://media-cdn.cortextech.io/768e4710-28ed-4e85-b513-3b5f613b9eb2.png,https://www.euroleaguebasketball.net/es/euroleague/players/nando-de-colo/002100/
sergio-de-larrea,010750,https://media-cdn.cortextech.io/5c52e29f-09dd-45b3-ae82-a839d68146f7.png,https://www.euroleaguebasketball.net/es/euroleague/players/sergio-de-larrea/010750/
gabriel-deck,009005,https://media-cdn.cortextech.io/85e6487b-9481-4012-87d5-807d4ae81b30.png,https://www.euroleaguebasketball.net/es/euroleague/players/gabriel-deck/009005/
brice-dessert,010318,https://media-cdn.cortextech.io/c8e7af8c-604f-4412-bcea-f9519c87c1f7.png,https://www.euroleaguebasketball.net/es/euroleague/players/brice-dessert/010318/
mamadi-diakite,014027,https://media-cdn.cortextech.io/eedc9090-ac8a-4063-8763-0849554a22e1.png,https://www.euroleaguebasketball.net/es/euroleague/players/mamadi-diakite/014027/
alpha-diallo,011226,https://media-cdn.cortextech.io/62623d1f-4407-49ac-a0a8-5924cc103e8a.png,https://www.euroleaguebasketball.net/es/euroleague/players/alpha-diallo/011226/
chiek-diallo,014104,,https://www.euroleaguebasketball.net/es/euroleague/players/chiek-diallo/014104/
aliou-diarra,014108,https://media-cdn.cortextech.io/799ab5da-55d8-4563-b1c0-8b93f3632d84.png,https://www.euroleaguebasketball.net/es/euroleague/players/aliou-diarra/014108/
john-dibartolomeo,007990,https://media-cdn.cortextech.io/8d21b46c-77f3-4241-834a-c819a514fc58.png,https://www.euroleaguebasketball.net/es/euroleague/players/john-dibartolomeo/007990/
neno-dimitrijevic,006085,https://media-cdn.cortextech.io/1dU3kpCqReRp93/1BSdBWIjCbqcoI/d0eaec8a-4e8d-4c13-b312-b4597ffbc2a9.png,https://www.euroleaguebasketball.net/es/euroleague/players/neno-dimitrijevic/006085/
khalifa-diop,008072,https://media-cdn.cortextech.io/d78b882f-2f17-4f2a-8685-55cd7f75be1b.png,https://www.euroleaguebasketball.net/es/euroleague/players/khalifa-diop/008072/
ousmane-diop,013385,https://media-cdn.cortextech.io/a4d81cad-3c3a-4e1a-946b-37e9cc06b35b.png,https://www.euroleaguebasketball.net/es/euroleague/players/ousmane-diop/013385/
mouhamet-diouf,013374,https://media-cdn.cortextech.io/b66cdc05-d0ad-4ffd-9cc7-11a8748b1768.png,https://www.euroleaguebasketball.net/es/euroleague/players/mouhamet-diouf/013374/
sava-djuric,013700,,https://www.euroleaguebasketball.net/es/euroleague/players/sava-djuric/013700/
ognjen-dobric,004007,https://media-cdn.cortextech.io/80c68581-78c5-44b8-b3ea-21555bfaff4f.png,https://www.euroleaguebasketball.net/es/euroleague/players/ognjen-dobric/004007/
allan-dokossi,014010,https://media-cdn.cortextech.io/03ed0fcb-7fff-4907-99ff-559619e35156.png,https://www.euroleaguebasketball.net/es/euroleague/players/allan-dokossi/014010/
tyler-dorsey,009849,https://media-cdn.cortextech.io/bc74ec12-71a8-425e-9ff8-e50eefec1f62.png,https://www.euroleaguebasketball.net/es/euroleague/players/tyler-dorsey/009849/
yago-dos-santos,012044,https://media-cdn.cortextech.io/e0f72d56-5553-431c-8cb8-b5db06684356.png,https://www.euroleaguebasketball.net/es/euroleague/players/yago-dos-santos/012044/
jeffrey-dowtin-jr,014123,https://media-cdn.cortextech.io/6976aa15-8d91-454e-987a-82f8e6059771.png,https://www.euroleaguebasketball.net/es/euroleague/players/jeffrey-dowtin-jr/014123/
pj-dozier,012742,https://media-cdn.cortextech.io/ac43e15a-c08d-42ed-a896-599ef9c4c3fc.png,https://www.euroleaguebasketball.net/es/euroleague/players/pj-dozier/012742/
bryant-dunston,003048,https://media-cdn.cortextech.io/e3c4915b-e70f-4813-9bdb-43bbbc606e33.png,https://www.euroleaguebasketball.net/es/euroleague/players/bryant-dunston/003048/
amit-ebo,006020,,https://www.euroleaguebasketball.net/es/euroleague/players/amit-ebo/006020/
paul-eboua,006725,https://media-cdn.cortextech.io/1dU3kpCqReRp93/1BSdBWIjCaiEI5/35a1208a-b3d4-415c-9c87-2e475552904e.png,https://www.euroleaguebasketball.net/es/euroleague/players/paul-eboua/006725/
carsen-edwards,011987,https://media-cdn.cortextech.io/1f0da376-0fcd-4071-88cc-d7dc6ac40243.png,https://www.euroleaguebasketball.net/es/euroleague/players/carsen-edwards/011987/
kessler-edwards,014416,https://media-cdn.cortextech.io/1dU3kpCqReRp93/1BSdBWIjCbqcoI/c4e6ee39-c037-4d5e-be9f-0ddde3bc2b0e.png,https://www.euroleaguebasketball.net/es/euroleague/players/kessler-edwards/014416/
quinn-ellis,012593,https://media-cdn.cortextech.io/52c3b65f-2faf-4727-9931-a53b8607a412.png,https://www.euroleaguebasketball.net/es/euroleague/players/quinn-ellis/012593/
moustapha-fall,008811,https://media-cdn.cortextech.io/bc0bef29-4444-425d-97f1-cdb9ae9acb5d.png,https://www.euroleaguebasketball.net/es/euroleague/players/moustapha-fall/008811/
youssoupha-fall,006568,https://media-cdn.cortextech.io/d1ddd241-43e3-4ae0-bfd7-e382bbeb97a6.png,https://www.euroleaguebasketball.net/es/euroleague/players/youssoupha-fall/006568/
kenneth-faried,011284,https://media-cdn.cortextech.io/fbabd4a4-b08e-456e-b82a-c31a44ca371a.png,https://www.euroleaguebasketball.net/es/euroleague/players/kenneth-faried/011284/
mouhamed-faye,012403,https://media-cdn.cortextech.io/5495af48-c312-4958-a64d-f20e82c38f1e.png,https://www.euroleaguebasketball.net/es/euroleague/players/mouhamed-faye/012403/
andres-feliz,011247,https://media-cdn.cortextech.io/88b1e489-c8a9-4cd8-8137-db11145b579a.png,https://www.euroleaguebasketball.net/es/euroleague/players/andres-feliz/011247/
ruzgar-fenemen,013422,https://media-cdn.cortextech.io/d508fd95-92a2-4090-82f2-5709a03857dc.png,https://www.euroleaguebasketball.net/es/euroleague/players/ruzgar-fenemen/013422/
bruno-fernando,013667,https://media-cdn.cortextech.io/771c73d1-4537-447b-b668-043882902961.png,https://www.euroleaguebasketball.net/es/euroleague/players/bruno-fernando/013667/
francesco-ferrari,014219,https://media-cdn.cortextech.io/1dU3kpCqReRp93/1BSdBWIjCaiEI5/520ad414-9a5e-429d-a2dd-79f96bfbbb10.png,https://www.euroleaguebasketball.net/es/euroleague/players/francesco-ferrari/014219/
diego-ferreras,014129,https://media-cdn.cortextech.io/8d81e4f7-7f57-43ff-a52f-dbb019d111d9.png,https://www.euroleaguebasketball.net/es/euroleague/players/diego-ferreras/014129/
kilian-fischer,013579,,https://www.euroleaguebasketball.net/es/euroleague/players/kilian-fischer/013579/
diego-flaccadori,005670,https://media-cdn.cortextech.io/1d2df160-ebfd-4d2e-b65f-eafbcf8ccf97.png,https://www.euroleaguebasketball.net/es/euroleague/players/diego-flaccadori/005670/
trent-forrest,013367,https://media-cdn.cortextech.io/a329afc2-80e5-4cee-a08d-34c5d734cb3e.png,https://www.euroleaguebasketball.net/es/euroleague/players/trent-forrest/013367/
evan-fournier,013380,https://media-cdn.cortextech.io/948551c5-285e-44d1-8a50-35cd9b019e97.png,https://www.euroleaguebasketball.net/es/euroleague/players/evan-fournier/013380/
sylvain-francisco,007975,https://media-cdn.cortextech.io/bab9d21f-1fbd-401a-8b26-f9b350a4c47d.png,https://www.euroleaguebasketball.net/es/euroleague/players/sylvain-francisco/007975/
clement-frisch,014026,https://media-cdn.cortextech.io/378db068-2283-4ef8-a400-e583a0f9922d.png,https://www.euroleaguebasketball.net/es/euroleague/players/clement-frisch/014026/
wenyen-gabriel,013383,https://media-cdn.cortextech.io/b2a934ec-11e0-4328-b9e4-2fefc29b4578.png,https://www.euroleaguebasketball.net/es/euroleague/players/wenyen-gabriel/013383/
usman-garuba,007630,https://media-cdn.cortextech.io/fb919f50-9e7d-4bbf-af92-3763895ba6b7.png,https://www.euroleaguebasketball.net/es/euroleague/players/usman-garuba/007630/
dovydas-giedraitis,007513,https://media-cdn.cortextech.io/ef636bf4-aa3b-451e-b816-00d8a94cf5f2.png,https://www.euroleaguebasketball.net/es/euroleague/players/dovydas-giedraitis/007513/
niels-giffey,001557,https://media-cdn.cortextech.io/4238ce12-6d72-4f5a-83dd-fc4a970e13b9.png,https://www.euroleaguebasketball.net/es/euroleague/players/niels-giffey/001557/
tomer-ginat,010550,https://media-cdn.cortextech.io/64a9bf27-99df-4fde-95e8-a2e6b3281a07.png,https://www.euroleaguebasketball.net/es/euroleague/players/tomer-ginat/010550/
tamir-gold,012336,,https://www.euroleaguebasketball.net/es/euroleague/players/tamir-gold/012336/
daniel-gonzalez,012884,,https://www.euroleaguebasketball.net/es/euroleague/players/daniel-gonzalez/012884/
jerian-grant,011204,https://media-cdn.cortextech.io/3ef4745b-bc65-45a0-b534-e5cea140604e.png,https://www.euroleaguebasketball.net/es/euroleague/players/jerian-grant/011204/
marius-grigonis,002328,https://media-cdn.cortextech.io/d97b2774-a6c8-41bb-b3bb-4963d81f79eb.png,https://www.euroleaguebasketball.net/es/euroleague/players/marius-grigonis/002328/
gunars-grinvalds,013555,https://media-cdn.cortextech.io/68cdf052-4309-42cf-9de4-8da8bfe37dd7.png,https://www.euroleaguebasketball.net/es/euroleague/players/gunars-grinvalds/013555/
marko-guduric,004004,https://media-cdn.cortextech.io/ac49a13d-0aaa-4ce6-9fda-1292739525ca.png,https://www.euroleaguebasketball.net/es/euroleague/players/marko-guduric/004004/
daniel-hackett,001844,https://media-cdn.cortextech.io/923cef2e-6352-41a8-8db1-791d21db3100.png,https://www.euroleaguebasketball.net/es/euroleague/players/daniel-hackett/001844/
devon-hall,011205,https://media-cdn.cortextech.io/691073bc-264c-4124-93e8-82c09abb8d5a.png,https://www.euroleaguebasketball.net/es/euroleague/players/devon-hall/011205/
donta-hall,011196,https://media-cdn.cortextech.io/0d150885-9a59-4287-8f10-dfea2434ace6.png,https://www.euroleaguebasketball.net/es/euroleague/players/donta-hall/011196/
zachary-hankins,013304,https://media-cdn.cortextech.io/e6ee1582-9705-4702-a369-bc0e9c802b62.png,https://www.euroleaguebasketball.net/es/euroleague/players/zachary-hankins/013304/
elias-harris,005460,https://media-cdn.cortextech.io/214b4fa2-16fd-4ef9-b8ac-b08745e7628f.png,https://www.euroleaguebasketball.net/es/euroleague/players/elias-harris/005460/
shaquille-harrison,013371,https://media-cdn.cortextech.io/3b994fa6-5da8-4559-ac9a-6c6400e3fd99.png,https://www.euroleaguebasketball.net/es/euroleague/players/shaquille-harrison/013371/
kevarrius-hayes,010390,https://media-cdn.cortextech.io/f8b50ed9-1f5a-4e02-9046-4ec6bd379217.png,https://www.euroleaguebasketball.net/es/euroleague/players/kevarrius-hayes/010390/
nigel-hayes-davis,008962,,https://www.euroleaguebasketball.net/es/euroleague/players/nigel-hayes-davis/008962/
sehmus-hazer,011201,https://media-cdn.cortextech.io/4ddb1fa4-97c7-4e34-9d0b-eaf23f9bf632.png,https://www.euroleaguebasketball.net/es/euroleague/players/sehmus-hazer/011201/
juancho-hernangomez,012712,https://media-cdn.cortextech.io/12459ba1-e2c3-4832-95de-3fbe43770024.png,https://www.euroleaguebasketball.net/es/euroleague/players/juancho-hernangomez/012712/
willy-hernangomez,003196,https://media-cdn.cortextech.io/2b0a03c6-90ec-400a-8b01-6c4c8c234234.png,https://www.euroleaguebasketball.net/es/euroleague/players/willy-hernangomez/003196/
sebastian-herrera,012611,https://media-cdn.cortextech.io/554a36c3-9fe5-44af-8100-9cb7752e132a.png,https://www.euroleaguebasketball.net/es/euroleague/players/sebastian-herrera/012611/
thomas-heurtel,klt,https://media-cdn.cortextech.io/738f1c5e-08d0-477c-9c7c-1a304fef6319.png,https://www.euroleaguebasketball.net/es/euroleague/players/thomas-heurtel/klt/
mario-hezonja,003108,https://media-cdn.cortextech.io/c415b3ab-6a2d-4ff4-8504-5119fca3c9f6.png,https://www.euroleaguebasketball.net/es/euroleague/players/mario-hezonja/003108/
nadir-hifi,012640,https://media-cdn.cortextech.io/19d44ea8-559e-4ae0-9560-af4d0d8c7fc6.png,https://www.euroleaguebasketball.net/es/euroleague/players/nadir-hifi/012640/
jaylen-hoard,006835,https://media-cdn.cortextech.io/3fb1a66a-a679-4665-94d2-60192fcd7e16.png,https://www.euroleaguebasketball.net/es/euroleague/players/jaylen-hoard/006835/
justus-hollatz,009513,https://media-cdn.cortextech.io/856be213-1e5f-4601-8d9e-0e442dae1ed5.png,https://www.euroleaguebasketball.net/es/euroleague/players/justus-hollatz/009513/
daulton-hommes,011949,https://media-cdn.cortextech.io/a0c586c2-a8d8-47a6-80dc-f779888633a7.png,https://www.euroleaguebasketball.net/es/euroleague/players/daulton-hommes/011949/
talen-horton-tucker,014124,https://media-cdn.cortextech.io/286f23c5-49f8-4ae7-b54d-c9bbe5e3f3e0.png,https://www.euroleaguebasketball.net/es/euroleague/players/talen-horton-tucker/014124/
markus-howard,011948,https://media-cdn.cortextech.io/527ed926-2d87-4ba9-bed3-9bbb42b1cd49.png,https://www.euroleaguebasketball.net/es/euroleague/players/markus-howard/011948/
vit-hrabar,012365,https://media-cdn.cortextech.io/ce59f392-8eaa-4724-b610-50461f933031.png,https://www.euroleaguebasketball.net/es/euroleague/players/vit-hrabar/012365/
ebuka-izundu,014029,https://media-cdn.cortextech.io/34d169ce-3794-4b52-bfca-d9646efe4a24.png,https://www.euroleaguebasketball.net/es/euroleague/players/ebuka-izundu/014029/
edwin-jackson,000229,https://media-cdn.cortextech.io/b6d8b256-85dc-407d-a292-9d54802109cf.png,https://www.euroleaguebasketball.net/es/euroleague/players/edwin-jackson/000229/
karim-jallow,005422,https://media-cdn.cortextech.io/537c45ba-7d81-47df-aa8d-900ecf79b2b4.png,https://www.euroleaguebasketball.net/es/euroleague/players/karim-jallow/005422/
mike-james,005985,https://media-cdn.cortextech.io/feff360e-eb96-423c-9538-cc5845b0bdc7.png,https://www.euroleaguebasketball.net/es/euroleague/players/mike-james/005985/
mikael-jantunen,012613,https://media-cdn.cortextech.io/7c7134c0-946e-495e-8c01-6952b2129796.png,https://www.euroleaguebasketball.net/es/euroleague/players/mikael-jantunen/012613/
tonye-jekiri,009733,https://media-cdn.cortextech.io/995f6e1a-5ce1-46cf-a462-48e2ab5234e5.png,https://www.euroleaguebasketball.net/es/euroleague/players/tonye-jekiri/009733/
justinian-jessup,013290,https://media-cdn.cortextech.io/39bd9e57-57f4-4de4-8afd-3cb14d2db192.png,https://www.euroleaguebasketball.net/es/euroleague/players/justinian-jessup/013290/
stefan-joksimovic,014107,https://media-cdn.cortextech.io/1cb63245-0e0c-493b-9fcc-abcfb38a4394.png,https://www.euroleaguebasketball.net/es/euroleague/players/stefan-joksimovic/014107/
carlik-jones,013369,https://media-cdn.cortextech.io/f2faab84-1d52-4418-9885-120b0abe192e.png,https://www.euroleaguebasketball.net/es/euroleague/players/carlik-jones/013369/
chris-jones,010568,https://media-cdn.cortextech.io/62f1e81b-7c88-4cb1-9eb8-9054a68c2625.png,https://www.euroleaguebasketball.net/es/euroleague/players/chris-jones/010568/
kai-jones,014102,https://media-cdn.cortextech.io/522b9410-d389-464c-9af6-be0e1c7e5111.png,https://www.euroleaguebasketball.net/es/euroleague/players/kai-jones/014102/
tyrique-jones,011981,https://media-cdn.cortextech.io/a4d5dc10-f5f0-432a-82b0-f92a5171bea6.png,https://www.euroleaguebasketball.net/es/euroleague/players/tyrique-jones/011981/
cory-joseph,014316,https://media-cdn.cortextech.io/1dU3kpCqReRp93/1BSdBWIjCbqcg1/2ad13ec2-c725-47bc-ae8a-4c0e366905ff.png,https://www.euroleaguebasketball.net/es/euroleague/players/cory-joseph/014316/
stefan-jovic,004863,https://media-cdn.cortextech.io/8f6a1334-5d45-4d52-bd52-665090df1438.png,https://www.euroleaguebasketball.net/es/euroleague/players/stefan-jovic/004863/
mfiondu-kabengele,012796,https://media-cdn.cortextech.io/b1711af0-81eb-4312-8f7b-606494930466.png,https://www.euroleaguebasketball.net/es/euroleague/players/mfiondu-kabengele/012796/
panagiotis-kalaitzakis,011209,https://media-cdn.cortextech.io/370cc8f6-6da8-4a99-bf1c-d0390cf2f6fd.png,https://www.euroleaguebasketball.net/es/euroleague/players/panagiotis-kalaitzakis/011209/
nikola-kalinic,004866,https://media-cdn.cortextech.io/8b1112da-0b01-4305-b27a-c6424ef1f54f.png,https://www.euroleaguebasketball.net/es/euroleague/players/nikola-kalinic/004866/
kenan-kamenjas,008325,https://media-cdn.cortextech.io/6e525346-e12a-45a0-b922-32c7799d2b15.png,https://www.euroleaguebasketball.net/es/euroleague/players/kenan-kamenjas/008325/
sayon-keita,012885,https://media-cdn.cortextech.io/ca2a28d2-16dd-4553-a63b-7a43aee03c4a.png,https://www.euroleaguebasketball.net/es/euroleague/players/sayon-keita/012885/
braxton-key,014168,https://media-cdn.cortextech.io/88b953f4-530b-4ccb-8032-d25471bdc2b4.png,https://www.euroleaguebasketball.net/es/euroleague/players/braxton-key/014168/
mate-khatiashvili,014106,https://media-cdn.cortextech.io/4b4419aa-6cf3-4248-9192-11b8f3e37b4b.png,https://www.euroleaguebasketball.net/es/euroleague/players/mate-khatiashvili/014106/
nicolas-kodjoe,014330,,https://www.euroleaguebasketball.net/es/euroleague/players/nicolas-kodjoe/014330/
kosta-kondic,014031,https://media-cdn.cortextech.io/5ba1b4f9-3015-45de-9359-a8f70d63822f.png,https://www.euroleaguebasketball.net/es/euroleague/players/kosta-kondic/014031/
david-kramer,006482,https://media-cdn.cortextech.io/b6d2f733-3fda-4c65-a49b-aeee571c65c7.png,https://www.euroleaguebasketball.net/es/euroleague/players/david-kramer/006482/
leon-kratzer,004512,https://media-cdn.cortextech.io/cc0faa1e-389e-4a0a-b03a-20dfdde91bf1.png,https://www.euroleaguebasketball.net/es/euroleague/players/leon-kratzer/004512/
rodions-kurucs,005713,https://media-cdn.cortextech.io/6ca0b78a-ccb0-45b3-ad2f-e10aff32f0fc.png,https://www.euroleaguebasketball.net/es/euroleague/players/rodions-kurucs/005713/
nikola-kusturica,014128,https://media-cdn.cortextech.io/8cae0db7-8eed-4146-adef-1fd4ab8b4d32.png,https://www.euroleaguebasketball.net/es/euroleague/players/nikola-kusturica/014128/
arijan-lakic,007736,https://media-cdn.cortextech.io/42ea5b6d-9d14-430c-b13e-e22074acb664.png,https://www.euroleaguebasketball.net/es/euroleague/players/arijan-lakic/007736/
nicolas-laprovittola,006435,https://media-cdn.cortextech.io/d7e43b16-3a21-4087-b04f-89cdaedb7158.png,https://www.euroleaguebasketball.net/es/euroleague/players/nicolas-laprovittola/006435/
giannoulis-larentzakis,010392,https://media-cdn.cortextech.io/2737aa5a-4f3e-475f-b590-9d4a8aa3e069.png,https://www.euroleaguebasketball.net/es/euroleague/players/giannoulis-larentzakis/010392/
shane-larkin,007200,https://media-cdn.cortextech.io/8ad5b8f2-3bf2-4ae4-9a49-91160d75f3bb.png,https://www.euroleaguebasketball.net/es/euroleague/players/shane-larkin/007200/
gur-lavi,014120,https://media-cdn.cortextech.io/df3007c8-3a72-4d3a-b364-ee529eb07476.png,https://www.euroleaguebasketball.net/es/euroleague/players/gur-lavi/014120/
tj-leaf,014012,https://media-cdn.cortextech.io/22442c98-f16f-4f19-ba82-b09e8aa7b367.png,https://www.euroleaguebasketball.net/es/euroleague/players/tj-leaf/014012/
zach-leday,008987,https://media-cdn.cortextech.io/2ba1fc70-da04-4497-83bc-7ff3bc0f3c08.png,https://www.euroleaguebasketball.net/es/euroleague/players/zach-leday/008987/
saben-lee,013389,https://media-cdn.cortextech.io/d016faea-5855-43c3-9ee3-0377a97cf60b.png,https://www.euroleaguebasketball.net/es/euroleague/players/saben-lee/013389/
alex-len,014169,https://media-cdn.cortextech.io/4f3880c6-6b3b-4af7-bc52-2d721c68372e.png,https://www.euroleaguebasketball.net/es/euroleague/players/alex-len/014169/
mathias-lessort,003842,https://media-cdn.cortextech.io/6c2a56e1-1c47-4771-9b90-bbcc97becc70.png,https://www.euroleaguebasketball.net/es/euroleague/players/mathias-lessort/003842/
david-lighty,003526,https://media-cdn.cortextech.io/6eb519a5-da37-4b4b-bc03-467432aa3c8b.png,https://www.euroleaguebasketball.net/es/euroleague/players/david-lighty/003526/
sergio-llull,tgb,https://media-cdn.cortextech.io/38500d8f-02b6-40a7-a6b7-c9fb901a0f6e.png,https://www.euroleaguebasketball.net/es/euroleague/players/sergio-llull/tgb/
maodo-lo,007032,https://media-cdn.cortextech.io/4f56a0f9-4aaa-4477-aebc-68205cdbb245.png,https://www.euroleaguebasketball.net/es/euroleague/players/maodo-lo/007032/
xabi-lopez-arostegui,005356,,https://www.euroleaguebasketball.net/es/euroleague/players/xabi-lopez-arostegui/005356/
jordan-loyd,009754,https://media-cdn.cortextech.io/f21f9f12-b440-41a3-87d7-aa3bbe6a36f3.png,https://www.euroleaguebasketball.net/es/euroleague/players/jordan-loyd/009754/
vladimir-lucic,001288,https://media-cdn.cortextech.io/c1901dfd-8e25-4833-a576-ac4ab82d75a6.png,https://www.euroleaguebasketball.net/es/euroleague/players/vladimir-lucic/001288/
iffe-lundberg,010781,https://media-cdn.cortextech.io/f0599430-9879-413d-962e-8c7aed154fa2.png,https://www.euroleaguebasketball.net/es/euroleague/players/iffe-lundberg/010781/
timothe-luwawu-cabarrot,012080,,https://www.euroleaguebasketball.net/es/euroleague/players/timothe-luwawu-cabarrot/012080/
trey-lyles,014117,https://media-cdn.cortextech.io/934e8573-ed4a-4319-872f-e2975479c9f7.png,https://www.euroleaguebasketball.net/es/euroleague/players/trey-lyles/014117/
yam-madar,011052,https://media-cdn.cortextech.io/5b639f39-81be-45fe-bf5e-2428814980fd.png,https://www.euroleaguebasketball.net/es/euroleague/players/yam-madar/011052/
melih-mahmutoglu,002969,https://media-cdn.cortextech.io/f3c95ee0-c4ac-4f3a-ae7a-fb6dfd3723b9.png,https://www.euroleaguebasketball.net/es/euroleague/players/melih-mahmutoglu/002969/
collin-malcolm,012609,https://media-cdn.cortextech.io/936958b4-089b-4ba9-a797-8b0d1a117b7d.png,https://www.euroleaguebasketball.net/es/euroleague/players/collin-malcolm/012609/
theo-maledon,007027,https://media-cdn.cortextech.io/3a8b14b1-12d8-4d17-a3f2-ad7db16f6822.png,https://www.euroleaguebasketball.net/es/euroleague/players/theo-maledon/007027/
niccolo-mannion,011064,https://media-cdn.cortextech.io/048cb7be-4aed-42bc-8d85-ad6b8ad271da.png,https://www.euroleaguebasketball.net/es/euroleague/players/niccolo-mannion/011064/
juani-marcos,009948,https://media-cdn.cortextech.io/4f6fd77e-968f-4eed-aefe-0e9828fafbd5.png,https://www.euroleaguebasketball.net/es/euroleague/players/juani-marcos/009948/
vanja-marinkovic,004761,https://media-cdn.cortextech.io/ac54fafe-cc49-4d7d-b908-d18b7ddc38b3.png,https://www.euroleaguebasketball.net/es/euroleague/players/vanja-marinkovic/004761/
nate-mason,014035,https://media-cdn.cortextech.io/931fcbfa-74c9-454d-bbe8-e3c3d90c1624.png,https://www.euroleaguebasketball.net/es/euroleague/players/nate-mason/014035/
bodian-massa,012618,https://media-cdn.cortextech.io/29043d63-a741-4970-a849-8f2b865bd4ea.png,https://www.euroleaguebasketball.net/es/euroleague/players/bodian-massa/012618/
amath-m-baye,007993,,https://www.euroleaguebasketball.net/es/euroleague/players/amath-m-baye/007993/
david-mccormack,013386,https://media-cdn.cortextech.io/e6d83e1c-82df-4d7b-8d94-6a7f0a037e60.png,https://www.euroleaguebasketball.net/es/euroleague/players/david-mccormack/013386/
shaquielle-mckissic,007853,https://media-cdn.cortextech.io/3e6e2015-538f-45f9-ab34-03ee341681df.png,https://www.euroleaguebasketball.net/es/euroleague/players/shaquielle-mckissic/007853/
nicolo-melli,002849,https://media-cdn.cortextech.io/101176a1-0695-40e3-a635-b6ed80d17e6e.png,https://www.euroleaguebasketball.net/es/euroleague/players/nicolo-melli/002849/
vasilije-micic,002580,https://media-cdn.cortextech.io/2ae4c8f2-6d43-4c69-afe2-e5fb7b9d79f8.png,https://www.euroleaguebasketball.net/es/euroleague/players/vasilije-micic/002580/
uros-mijailovic,012943,https://media-cdn.cortextech.io/60ac3650-bcab-4b20-9736-10a7ce5d5237.png,https://www.euroleaguebasketball.net/es/euroleague/players/uros-mijailovic/012943/
kajus-mikalauskas,012977,https://media-cdn.cortextech.io/2081580a-4c3b-4c90-8fee-027d7a5f492f.png,https://www.euroleaguebasketball.net/es/euroleague/players/kajus-mikalauskas/012977/
isiaha-mike,011836,https://media-cdn.cortextech.io/ecbfbe3b-017a-4082-b76b-5ad895a1b047.png,https://www.euroleaguebasketball.net/es/euroleague/players/isiaha-mike/011836/
stefan-miljenovic,014094,https://media-cdn.cortextech.io/552273d0-5538-41cb-96a2-9d52cca3a831.png,https://www.euroleaguebasketball.net/es/euroleague/players/stefan-miljenovic/014094/
codi-miller-mcintyre,009048,,https://www.euroleaguebasketball.net/es/euroleague/players/codi-miller-mcintyre/009048/
shake-milton,014007,https://media-cdn.cortextech.io/913386b0-4099-4b7c-9b5f-40d18c8c023a.png,https://www.euroleaguebasketball.net/es/euroleague/players/shake-milton/014007/
nikola-milutinov,003941,https://media-cdn.cortextech.io/eaac00b9-51c3-4824-83b3-5d1c9ce00881.png,https://www.euroleaguebasketball.net/es/euroleague/players/nikola-milutinov/003941/
nikola-mirotic,000796,https://media-cdn.cortextech.io/14a40cc3-7032-4b61-937f-fe2d2cd2001b.png,https://www.euroleaguebasketball.net/es/euroleague/players/nikola-mirotic/000796/
konstantinos-mitoglou,007866,https://media-cdn.cortextech.io/786a3466-8cef-47d3-86c6-487cc42cab85.png,https://www.euroleaguebasketball.net/es/euroleague/players/konstantinos-mitoglou/007866/
chima-moneke,012201,https://media-cdn.cortextech.io/aa0efbb3-86a1-48df-8206-0aacbba5e0b4.png,https://www.euroleaguebasketball.net/es/euroleague/players/chima-moneke/012201/
jean-montero,010042,https://media-cdn.cortextech.io/1f77a5c9-ccef-4bda-b0e8-11e4f1a8d9d8.png,https://www.euroleaguebasketball.net/es/euroleague/players/jean-montero/010042/
omari-moore,014115,https://media-cdn.cortextech.io/e7047eb4-0342-47e6-9f1b-4b7584864d1f.png,https://www.euroleaguebasketball.net/es/euroleague/players/omari-moore/014115/
jeremy-morgan,010431,https://media-cdn.cortextech.io/20d0ed00-5f36-4168-8dca-e058f2835458.png,https://www.euroleaguebasketball.net/es/euroleague/players/jeremy-morgan/010431/
matthew-morgan,012585,https://media-cdn.cortextech.io/0f6439c0-63e8-4e10-b141-3c464a1fd4cd.png,https://www.euroleaguebasketball.net/es/euroleague/players/matthew-morgan/012585/
monte-morris,014212,https://media-cdn.cortextech.io/60d224bb-40ab-4e0c-846f-9766a990146f.png,https://www.euroleaguebasketball.net/es/euroleague/players/monte-morris/014212/
donatas-motiejunas,lcz,https://media-cdn.cortextech.io/b9453f11-74b4-498e-8490-e5cbc1b25255.png,https://www.euroleaguebasketball.net/es/euroleague/players/donatas-motiejunas/lcz/
johnathan-motley,011157,https://media-cdn.cortextech.io/0a172ed5-656d-4894-811a-8794788bf5f2.png,https://www.euroleaguebasketball.net/es/euroleague/players/johnathan-motley/011157/
dzanan-musa,006540,https://media-cdn.cortextech.io/1201877a-e1b6-4687-8720-0288b59018f5.png,https://www.euroleaguebasketball.net/es/euroleague/players/dzanan-musa/006540/
david-mutaf,008176,https://media-cdn.cortextech.io/b65e611b-63ea-4448-9c87-6bc97a0510ee.png,https://www.euroleaguebasketball.net/es/euroleague/players/david-mutaf/008176/
miikka-muurinen,012997,https://media-cdn.cortextech.io/536cabb5-2899-4ae3-88ae-920227449430.png,https://www.euroleaguebasketball.net/es/euroleague/players/miikka-muurinen/012997/
mario-nakic,007632,https://media-cdn.cortextech.io/563b828a-7a01-4e27-8696-7d783540873f.png,https://www.euroleaguebasketball.net/es/euroleague/players/mario-nakic/007632/
mbaye-ndiaye,012731,https://media-cdn.cortextech.io/f5a73145-a679-43f2-992b-3caaeb9ac9cc.png,https://www.euroleaguebasketball.net/es/euroleague/players/mbaye-ndiaye/012731/
josh-nebo,011199,https://media-cdn.cortextech.io/2d5f84ef-ad28-4415-96b2-685be51d4a2f.png,https://www.euroleaguebasketball.net/es/euroleague/players/josh-nebo/011199/
aleksej-nedeljkovic,012948,https://media-cdn.cortextech.io/e5c63506-d3ff-42ea-b31e-0374be1c0eaf.png,https://www.euroleaguebasketball.net/es/euroleague/players/aleksej-nedeljkovic/012948/
nemanja-nedovic,000848,https://media-cdn.cortextech.io/664a91ef-82db-43d9-81c7-30bcbb9d8139.png,https://www.euroleaguebasketball.net/es/euroleague/players/nemanja-nedovic/000848/
saliou-niang,012687,https://media-cdn.cortextech.io/47b8b387-3dc3-4bd2-8df8-fc983bb1ea94.png,https://www.euroleaguebasketball.net/es/euroleague/players/saliou-niang/012687/
isaac-nogues,010162,https://media-cdn.cortextech.io/579222f0-9353-43d5-b566-eb52c723a701.png,https://www.euroleaguebasketball.net/es/euroleague/players/isaac-nogues/010162/
miles-norris,014134,https://media-cdn.cortextech.io/c38aeb22-ae60-4685-a8a4-65462937f136.png,https://www.euroleaguebasketball.net/es/euroleague/players/miles-norris/014134/
markquis-nowell,014119,https://media-cdn.cortextech.io/02c8c710-f160-471e-b241-e0c0e3a976a8.png,https://www.euroleaguebasketball.net/es/euroleague/players/markquis-nowell/014119/
frank-ntilikina,006591,https://media-cdn.cortextech.io/fc66f2ff-ec65-46a3-9321-f451825c4990.png,https://www.euroleaguebasketball.net/es/euroleague/players/frank-ntilikina/006591/
juan-nunez,010106,https://media-cdn.cortextech.io/d990406b-fe36-45c0-9561-61f93c4ced9b.png,https://www.euroleaguebasketball.net/es/euroleague/players/juan-nunez/010106/
kendrick-nunn,012774,https://media-cdn.cortextech.io/6a45d41a-03f4-482a-b7ed-40adc56d5af8.png,https://www.euroleaguebasketball.net/es/euroleague/players/kendrick-nunn/012774/
jordan-nwora,013363,https://media-cdn.cortextech.io/07e28b94-3ed7-4077-bfea-0272d3bdea67.png,https://www.euroleaguebasketball.net/es/euroleague/players/jordan-nwora/013363/
andreas-obst,004508,https://media-cdn.cortextech.io/d3d714e5-0b66-497b-afbd-2587ac9e856c.png,https://www.euroleaguebasketball.net/es/euroleague/players/andreas-obst/004508/
tai-odiase,011823,https://media-cdn.cortextech.io/1dbd2b81-9620-4bf4-97ff-0a51c5322a30.png,https://www.euroleaguebasketball.net/es/euroleague/players/tai-odiase/011823/
semi-ojeleye,011982,https://media-cdn.cortextech.io/e54b9baf-ae85-4aed-9ef7-da71859be0c3.png,https://www.euroleaguebasketball.net/es/euroleague/players/semi-ojeleye/011982/
chuma-okeke,014006,https://media-cdn.cortextech.io/53f31f48-9fb0-4721-8f48-8bd48c2ca323.png,https://www.euroleaguebasketball.net/es/euroleague/players/chuma-okeke/014006/
elie-okobo,011212,https://media-cdn.cortextech.io/945e4816-92ca-4aa8-a1bc-cae52d78eb78.png,https://www.euroleaguebasketball.net/es/euroleague/players/elie-okobo/011212/
eugene-omoruyi,014207,https://media-cdn.cortextech.io/22e77d9a-90d9-49f1-9121-a7063fa9c19d.png,https://www.euroleaguebasketball.net/es/euroleague/players/eugene-omoruyi/014207/
dylan-osetkowski,010581,https://media-cdn.cortextech.io/d5277fb5-a978-453b-bfcb-731c5704609c.png,https://www.euroleaguebasketball.net/es/euroleague/players/dylan-osetkowski/010581/
cedi-osman,004088,https://media-cdn.cortextech.io/dd9f197a-73d3-4d91-a3d5-63b9d7fe0bcc.png,https://www.euroleaguebasketball.net/es/euroleague/players/cedi-osman/004088/
ercan-osmani,012710,https://media-cdn.cortextech.io/dee92a82-6870-48dc-8b39-9f8250620951.png,https://www.euroleaguebasketball.net/es/euroleague/players/ercan-osmani/012710/
dan-oturu,012788,https://media-cdn.cortextech.io/3bdc3cf1-638b-4095-8b2b-099d31ce686b.png,https://www.euroleaguebasketball.net/es/euroleague/players/dan-oturu/012788/
yakuba-ouattara,004197,https://media-cdn.cortextech.io/7a130397-0f2a-47a2-adc3-eed775bcbf37.png,https://www.euroleaguebasketball.net/es/euroleague/players/yakuba-ouattara/004197/
alessandro-pajola,006739,https://media-cdn.cortextech.io/ccc6aac9-c905-4988-a055-0a0bc8b13010.png,https://www.euroleaguebasketball.net/es/euroleague/players/alessandro-pajola/006739/
guy-palatin,013283,https://media-cdn.cortextech.io/259ecf62-d78e-412f-a32c-aabc255ca567.png,https://www.euroleaguebasketball.net/es/euroleague/players/guy-palatin/013283/
georgios-papagiannis,005844,https://media-cdn.cortextech.io/7410bb12-8f97-491b-96e4-264f048acc27.png,https://www.euroleaguebasketball.net/es/euroleague/players/georgios-papagiannis/005844/
kostas-papanikolaou,001255,https://media-cdn.cortextech.io/92915bcc-f8c5-44d0-87c0-6fed89e69b69.png,https://www.euroleaguebasketball.net/es/euroleague/players/kostas-papanikolaou/001255/
joel-parra,007464,https://media-cdn.cortextech.io/f7ed6b45-8416-4bfc-8d40-51b9635dae75.png,https://www.euroleaguebasketball.net/es/euroleague/players/joel-parra/007464/
novak-pavlovic,012934,,https://www.euroleaguebasketball.net/es/euroleague/players/novak-pavlovic/012934/
alec-peters,008829,https://media-cdn.cortextech.io/8feddbf2-03c1-4130-95fe-246f938a74d6.png,https://www.euroleaguebasketball.net/es/euroleague/players/alec-peters/008829/
filip-petrusev,011194,https://media-cdn.cortextech.io/e51a295f-bae6-49d2-b0a9-083e0e32666c.png,https://www.euroleaguebasketball.net/es/euroleague/players/filip-petrusev/011194/
vincent-poirier,004887,https://media-cdn.cortextech.io/bce92ebe-03e1-4588-9235-65b7e965b4e4.png,https://www.euroleaguebasketball.net/es/euroleague/players/vincent-poirier/004887/
aleksej-pokusevski,008232,https://media-cdn.cortextech.io/48c507e4-5d3d-45fa-8178-80cfacc0fdcc.png,https://www.euroleaguebasketball.net/es/euroleague/players/aleksej-pokusevski/008232/
jaime-pradilla,010393,https://media-cdn.cortextech.io/8030bf2e-bd4a-4d04-9cb4-44d44653b5c7.png,https://www.euroleaguebasketball.net/es/euroleague/players/jaime-pradilla/010393/
klemen-prepelic,002661,https://media-cdn.cortextech.io/71f285f4-996e-4f5c-b2e7-0b0a871e660b.png,https://www.euroleaguebasketball.net/es/euroleague/players/klemen-prepelic/002661/
gabriele-procida,008384,https://media-cdn.cortextech.io/747e84d4-a75e-4ef1-9775-3ea717b3d7f2.png,https://www.euroleaguebasketball.net/es/euroleague/players/gabriele-procida/008384/
josep-puerto,006643,https://media-cdn.cortextech.io/748f72b2-0ab2-4703-8592-d8d5566e1721.png,https://www.euroleaguebasketball.net/es/euroleague/players/josep-puerto/006643/
kevin-punter,009862,https://media-cdn.cortextech.io/139997de-48ae-4035-9c35-75b504c82992.png,https://www.euroleaguebasketball.net/es/euroleague/players/kevin-punter/009862/
aleksa-radanov,005683,https://media-cdn.cortextech.io/1dU3kpCqReRp93/1BSdBWIjCaiEM5/ff4b35be-9078-489c-932b-f9d7e853d96d.png,https://www.euroleaguebasketball.net/es/euroleague/players/aleksa-radanov/005683/
ognjen-radosic,011686,https://media-cdn.cortextech.io/116bd643-3f15-4f6e-b4a8-aa1934648604.png,https://www.euroleaguebasketball.net/es/euroleague/players/ognjen-radosic/011686/
gytis-radzevicius,014190,https://media-cdn.cortextech.io/7745b1f2-e6a5-462d-8d7c-54ae6f3bbc8b.png,https://www.euroleaguebasketball.net/es/euroleague/players/gytis-radzevicius/014190/
levi-randolph,013382,https://media-cdn.cortextech.io/1dU3kpCqReRp93/1BSdBWIjCbqcoI/16190676-90cb-4922-a4bd-1902762ce308.png,https://www.euroleaguebasketball.net/es/euroleague/players/levi-randolph/013382/
xavier-rathan-mayes,013378,,https://www.euroleaguebasketball.net/es/euroleague/players/xavier-rathan-mayes/013378/
william-rayman,013381,https://media-cdn.cortextech.io/ba0729de-ec3b-4e13-9479-f176f0c893fd.png,https://www.euroleaguebasketball.net/es/euroleague/players/william-rayman/013381/
nathan-reuvers,012738,https://media-cdn.cortextech.io/cdf75307-79da-4e91-943a-74b02e44b8e8.png,https://www.euroleaguebasketball.net/es/euroleague/players/nathan-reuvers/012738/
jared-rhoden,014178,https://media-cdn.cortextech.io/eddf4c2e-afca-47e3-93e4-a37966c1bd24.png,https://www.euroleaguebasketball.net/es/euroleague/players/jared-rhoden/014178/
giampaolo-ricci,001518,https://media-cdn.cortextech.io/f5767f49-5fc2-4639-95ef-06246240ca9b.png,https://www.euroleaguebasketball.net/es/euroleague/players/giampaolo-ricci/001518/
jasiel-rivero,011214,https://media-cdn.cortextech.io/c001336b-1258-48de-a38e-6bf07fd88b0b.png,https://www.euroleaguebasketball.net/es/euroleague/players/jasiel-rivero/011214/
justin-robinson,014008,https://media-cdn.cortextech.io/37224ff3-e0d3-48a2-b1a0-fb72065b24f8.png,https://www.euroleaguebasketball.net/es/euroleague/players/justin-robinson/014008/
nikolaos-rogkavopoulos,011085,https://media-cdn.cortextech.io/bed3d164-4b15-4bcf-a8b3-4a10ab5b3872.png,https://www.euroleaguebasketball.net/es/euroleague/players/nikolaos-rogkavopoulos/011085/
mantas-rubstavicius,009299,https://media-cdn.cortextech.io/a93cf565-afb7-4791-8314-3c1e4b5b2cd8.png,https://www.euroleaguebasketball.net/es/euroleague/players/mantas-rubstavicius/009299/
neal-sako,010545,https://media-cdn.cortextech.io/78789f26-e267-40eb-94ad-d646e026f6f9.png,https://www.euroleaguebasketball.net/es/euroleague/players/neal-sako/010545/
alexandros-samodurov,011442,https://media-cdn.cortextech.io/b923f1c4-5405-4e82-a423-44e91f783edc.png,https://www.euroleaguebasketball.net/es/euroleague/players/alexandros-samodurov/011442/
marcio-santos,013289,https://media-cdn.cortextech.io/5388e430-a3af-404e-9b40-90f755cbcb77.png,https://www.euroleaguebasketball.net/es/euroleague/players/marcio-santos/013289/
tomas-satoransky,002939,https://media-cdn.cortextech.io/8bc8bebe-90c0-4d43-8340-2210a16a5d1f.png,https://www.euroleaguebasketball.net/es/euroleague/players/tomas-satoransky/002939/
tadas-sedekerskis,007230,https://media-cdn.cortextech.io/06b5ca08-62cf-4401-96f6-1b8aca1750e5.png,https://www.euroleaguebasketball.net/es/euroleague/players/tadas-sedekerskis/007230/
itay-segev,004161,https://media-cdn.cortextech.io/fbc4d2d8-b540-4b0a-aec2-0bd3c1333ea8.png,https://www.euroleaguebasketball.net/es/euroleague/players/itay-segev/004161/
zachary-seljaas,014088,https://media-cdn.cortextech.io/dc020bbc-568f-482c-8e1a-070df69a0b83.png,https://www.euroleaguebasketball.net/es/euroleague/players/zachary-seljaas/014088/
nikolas-sermpezis,012840,,https://www.euroleaguebasketball.net/es/euroleague/players/nikolas-sermpezis/012840/
nathan-sestina,011980,https://media-cdn.cortextech.io/f2592ecc-20e4-4c3a-932d-a8be75854127.png,https://www.euroleaguebasketball.net/es/euroleague/players/nathan-sestina/011980/
enzo-shahrvin,012612,https://media-cdn.cortextech.io/2f3bd2f7-96b6-470c-83e8-dd5bbb5d32ff.png,https://www.euroleaguebasketball.net/es/euroleague/players/enzo-shahrvin/012612/
tornike-shengelia,001133,https://media-cdn.cortextech.io/45cc5a88-23f5-4a53-9139-22ebee644841.png,https://www.euroleaguebasketball.net/es/euroleague/players/tornike-shengelia/001133/
shavon-shields,007831,https://media-cdn.cortextech.io/fb96bfde-ab98-4253-9fd6-d3ea23b536fa.png,https://www.euroleaguebasketball.net/es/euroleague/players/shavon-shields/007831/
tj-shorts,012608,https://media-cdn.cortextech.io/c0323c00-43ae-41c3-ba0a-cffbb4e3854b.png,https://www.euroleaguebasketball.net/es/euroleague/players/tj-shorts/012608/
chris-silva,014220,https://media-cdn.cortextech.io/282b162d-60f8-401c-a735-7bd7fc990efc.png,https://www.euroleaguebasketball.net/es/euroleague/players/chris-silva/014220/
yankuba-sima,005596,https://media-cdn.cortextech.io/a89a94a3-10ea-4492-9290-8fa5e73b65b4.png,https://www.euroleaguebasketball.net/es/euroleague/players/yankuba-sima/005596/
ognjen-simjanovski,014196,,https://www.euroleaguebasketball.net/es/euroleague/players/ognjen-simjanovski/014196/
kobi-simmons,014152,https://media-cdn.cortextech.io/61bf398e-c801-4969-b965-7f0d3eba8c63.png,https://www.euroleaguebasketball.net/es/euroleague/players/kobi-simmons/014152/
deividas-sirvydis,007029,https://media-cdn.cortextech.io/8541a521-e186-49b5-b66a-1a9af61829c8.png,https://www.euroleaguebasketball.net/es/euroleague/players/deividas-sirvydis/007029/
dustin-sleva,011927,https://media-cdn.cortextech.io/eb0f304c-0299-4013-bbf4-481b25db175b.png,https://www.euroleaguebasketball.net/es/euroleague/players/dustin-sleva/011927/
kostas-sloukas,001926,https://media-cdn.cortextech.io/0a26c0f0-41a7-4ffc-8de1-e7cecbcc8338.png,https://www.euroleaguebasketball.net/es/euroleague/players/kostas-sloukas/001926/
alen-smailagic,011051,https://media-cdn.cortextech.io/ae9cae56-3e7e-4f67-ad21-e0926b9f159b.png,https://www.euroleaguebasketball.net/es/euroleague/players/alen-smailagic/011051/
rolands-smits,007109,https://media-cdn.cortextech.io/d4e2115d-e8a8-497e-9522-f11f7d7d0336.png,https://www.euroleaguebasketball.net/es/euroleague/players/rolands-smits/007109/
roman-sorkin,011219,https://media-cdn.cortextech.io/3b33706b-7e4e-4914-a4ff-074e7ffb43e1.png,https://www.euroleaguebasketball.net/es/euroleague/players/roman-sorkin/011219/
pedro-souza,014103,https://media-cdn.cortextech.io/5ccb154e-0f4c-4df3-8376-784b27a05971.png,https://www.euroleaguebasketball.net/es/euroleague/players/pedro-souza/014103/
matteo-spagnolo,008173,https://media-cdn.cortextech.io/560b3be0-7457-4a49-8a49-d45cb6e16996.png,https://www.euroleaguebasketball.net/es/euroleague/players/matteo-spagnolo/008173/
lamar-stevens,014009,https://media-cdn.cortextech.io/0556266b-a9d6-4504-95d9-777c3a069690.png,https://www.euroleaguebasketball.net/es/euroleague/players/lamar-stevens/014009/
lazar-stojkovic,013013,https://media-cdn.cortextech.io/8e5e8983-8238-47bd-be7e-499b37768c8f.png,https://www.euroleaguebasketball.net/es/euroleague/players/lazar-stojkovic/013013/
ignas-stombergas,012981,https://media-cdn.cortextech.io/a89fefea-e8de-4f5d-9edb-3a0edeb163ad.png,https://www.euroleaguebasketball.net/es/euroleague/players/ignas-stombergas/012981/
matthew-strazel,008099,https://media-cdn.cortextech.io/62264af8-6ced-4c06-9917-b872092fe532.png,https://www.euroleaguebasketball.net/es/euroleague/players/matthew-strazel/008099/
cole-swider,014025,https://media-cdn.cortextech.io/56eccbef-38b7-4f73-be3d-d85cd69b5074.png,https://www.euroleaguebasketball.net/es/euroleague/players/cole-swider/014025/
tomas-talcis,013530,https://media-cdn.cortextech.io/b85f5618-440b-476d-9213-e61ed7e1d810.png,https://www.euroleaguebasketball.net/es/euroleague/players/tomas-talcis/013530/
terry-tarpey,012515,https://media-cdn.cortextech.io/fe28df16-a99d-4da3-b71b-26bfa79b80eb.png,https://www.euroleaguebasketball.net/es/euroleague/players/terry-tarpey/012515/
walter-tavares,005791,https://media-cdn.cortextech.io/90f9344a-3a6f-406e-bd33-8218abd2e8f6.png,https://www.euroleaguebasketball.net/es/euroleague/players/walter-tavares/005791/
kameron-taylor,011217,https://media-cdn.cortextech.io/ada7d8f8-abd5-4d14-9565-f537659a98f6.png,https://www.euroleaguebasketball.net/es/euroleague/players/kameron-taylor/011217/
daniel-theis,004132,https://media-cdn.cortextech.io/b5d71c9e-747c-45b6-9543-ac4fa79b35e2.png,https://www.euroleaguebasketball.net/es/euroleague/players/daniel-theis/004132/
darius-thompson,011078,https://media-cdn.cortextech.io/881d7dbd-8ffa-4eef-ba14-e0ea68c1be29.png,https://www.euroleaguebasketball.net/es/euroleague/players/darius-thompson/011078/
bar-timor,004846,https://media-cdn.cortextech.io/2a45b1ff-2027-467b-af40-560a7d406750.png,https://www.euroleaguebasketball.net/es/euroleague/players/bar-timor/004846/
vassilis-toliopoulos,004292,https://media-cdn.cortextech.io/9912b4e4-434f-46b2-8335-9e7250a8e3e6.png,https://www.euroleaguebasketball.net/es/euroleague/players/vassilis-toliopoulos/004292/
stefano-tonut,006509,https://media-cdn.cortextech.io/b7367896-700a-4f7e-9a0b-a1425632b23b.png,https://www.euroleaguebasketball.net/es/euroleague/players/stefano-tonut/006509/
armel-traore,010319,https://media-cdn.cortextech.io/e9db529b-bdba-4c4f-8248-c52e6bf7c438.png,https://www.euroleaguebasketball.net/es/euroleague/players/armel-traore/010319/
azuolas-tubelis,008192,https://media-cdn.cortextech.io/c7627328-e2bd-4989-9dd1-2abcaddf021d.png,https://www.euroleaguebasketball.net/es/euroleague/players/azuolas-tubelis/008192/
edgaras-ulanovas,002329,https://media-cdn.cortextech.io/c37e8132-0498-4172-8e32-4c7044bd4370.png,https://www.euroleaguebasketball.net/es/euroleague/players/edgaras-ulanovas/002329/
bastien-vautier,014014,https://media-cdn.cortextech.io/b33e8226-0dfc-4169-b7db-4e5c81590d55.png,https://www.euroleaguebasketball.net/es/euroleague/players/bastien-vautier/014014/
jan-vesely,000925,https://media-cdn.cortextech.io/7dff7151-19e6-44b3-ab0c-214861899ad0.png,https://www.euroleaguebasketball.net/es/euroleague/players/jan-vesely/000925/
sasha-vezenkov,003469,https://media-cdn.cortextech.io/9e32629d-7b41-4a3e-8506-2c7e4b92859d.png,https://www.euroleaguebasketball.net/es/euroleague/players/sasha-vezenkov/003469/
luca-vildoza,007947,https://media-cdn.cortextech.io/45cd50c3-c3b7-4cf6-92ee-f7955216e2da.png,https://www.euroleaguebasketball.net/es/euroleague/players/luca-vildoza/007947/
rafa-villar,010035,https://media-cdn.cortextech.io/9da0749d-0abb-42d9-8d0e-b9f7afc59f10.png,https://www.euroleaguebasketball.net/es/euroleague/players/rafa-villar/010035/
jacopo-vogogna,014209,,https://www.euroleaguebasketball.net/es/euroleague/players/jacopo-vogogna/014209/
johannes-voigtmann,007201,https://media-cdn.cortextech.io/f25b3c46-64c0-4108-8168-c0ac3aa4a6bb.png,https://www.euroleaguebasketball.net/es/euroleague/players/johannes-voigtmann/007201/
caspar-vossenberg,013541,,https://www.euroleaguebasketball.net/es/euroleague/players/caspar-vossenberg/013541/
marvyn-wade,013016,https://media-cdn.cortextech.io/4bd9fdff-c4a4-4f3b-a9e5-0e14cfb38eb6.png,https://www.euroleaguebasketball.net/es/euroleague/players/marvyn-wade/013016/
ish-wainright,013284,https://media-cdn.cortextech.io/ea9bc969-944b-4ba3-bfc9-e337bf5db497.png,https://www.euroleaguebasketball.net/es/euroleague/players/ish-wainright/013284/
lonnie-walker-iv,013403,https://media-cdn.cortextech.io/596dc864-a996-4d21-8131-ea85deb006b7.png,https://www.euroleaguebasketball.net/es/euroleague/players/lonnie-walker-iv/013403/
thomas-walkup,008855,https://media-cdn.cortextech.io/5a798730-2697-4550-b3b3-df119a860b18.png,https://www.euroleaguebasketball.net/es/euroleague/players/thomas-walkup/008855/
tyson-ward,012610,https://media-cdn.cortextech.io/c05273c5-2d14-410e-9bd6-f65f78da6d7c.png,https://www.euroleaguebasketball.net/es/euroleague/players/tyson-ward/012610/
duane-washington,013370,https://media-cdn.cortextech.io/0a809d60-836f-43a3-b73e-646935e87e78.png,https://www.euroleaguebasketball.net/es/euroleague/players/duane-washington/013370/
glynn-watson,014013,https://media-cdn.cortextech.io/8b123b47-d7a0-47ea-b91d-1514ef1e87b0.png,https://www.euroleaguebasketball.net/es/euroleague/players/glynn-watson/014013/
nick-weiler-babb,010391,,https://www.euroleaguebasketball.net/es/euroleague/players/nick-weiler-babb/010391/
nigel-williams-goss,007982,,https://www.euroleaguebasketball.net/es/euroleague/players/nigel-williams-goss/007982/
derek-willis,009664,https://media-cdn.cortextech.io/82d66d17-bc9a-4994-8a8f-c59b5db9df70.png,https://www.euroleaguebasketball.net/es/euroleague/players/derek-willis/009664/
mckinley-wright-iv,012606,https://media-cdn.cortextech.io/fe4b23d9-6151-4758-a15f-0339607df198.png,https://www.euroleaguebasketball.net/es/euroleague/players/mckinley-wright-iv/012606/
moses-wright,012878,https://media-cdn.cortextech.io/9c4e7b10-e94e-4335-bec1-99979d42f096.png,https://www.euroleaguebasketball.net/es/euroleague/players/moses-wright/012878/
burakcan-yildizli,004093,https://media-cdn.cortextech.io/b63152ad-12f4-415d-9487-d049e95a2828.png,https://www.euroleaguebasketball.net/es/euroleague/players/burakcan-yildizli/004093/
erkan-yilmaz,006372,https://media-cdn.cortextech.io/e977e837-fa39-4c82-bc35-7053d75b6c18.png,https://www.euroleaguebasketball.net/es/euroleague/players/erkan-yilmaz/006372/
arturs-zagars,008104,https://media-cdn.cortextech.io/b730ece6-d4b7-409a-84d6-398b9bc1315c.png,https://www.euroleaguebasketball.net/es/euroleague/players/arturs-zagars/008104/
